WKT,name,description
"POINT (47.958056 28.620833 7925.0)",KFR,KFR - WAFRA (VOR)
"POINT (48.05411 29.105568 0.0)",KUA31,
"POINT (47.904472 29.336623 0.0)",KUA32,
"POINT (47.89612 29.321677 0.0)",KUA33,
"POINT (47.956542 28.65409 0.0)",KUA34,
