WKT,name,description
"POINT (48.406111 29.341667 6340.0)",ALVAX,ALVAX (Fix)
"POINT (48.06959 29.12247 0.0)",KUA08,
"POINT (47.93216 29.35227 0.0)",KUA09,
"POINT (47.949047 29.360585 0.0)",KUA10,
"POINT (48.369259 29.333149 0.0)",KUA11,
